{"cameraMode":{"drawMode":0,"name":"Shaded","section":"Shading Mode"},"sceneLighting":true,"audioPlay":false,"sceneViewState":{"showFog":true,"showMaterialUpdate":false,"showSkybox":true,"showFlares":true,"showImageEffects":true,"showParticleSystems":true},"in2DMode":false,"pivot":{"x":5.157378673553467,"y":6.409248352050781,"z":28.828189849853517},"rotation":{"x":-0.021309593692421914,"y":0.9777033925056458,"z":-0.16825617849826814,"w":-0.1238219365477562},"size":3.157883644104004,"orthographic":false}