{"cameraMode":{"drawMode":0,"name":"Shaded","section":"Shading Mode"},"sceneLighting":false,"audioPlay":false,"sceneViewState":{"showFog":true,"showMaterialUpdate":false,"showSkybox":false,"showFlares":true,"showImageEffects":true,"showParticleSystems":true},"in2DMode":false,"pivot":{"x":0.040688931941986087,"y":1.0399999618530274,"z":20.16866683959961},"rotation":{"x":0.1820789873600006,"y":0.6137700080871582,"z":-0.14826400578022004,"w":0.7537582516670227},"size":1.2332674264907838,"orthographic":false}